secID,publishDate,endDate,endDateRep,partyID,ticker,secShortName,exchangeCD,actPubtime,mergedFlag,reportType,fiscalPeriod,accoutingStandards,currencyCD,cashCEquiv,settProv,loanToOthBankFi,tradingFA,NotesReceiv,AR,prepayment,premiumReceiv,reinsurReceiv,reinsurReserReceiv,intReceiv,divReceiv,othReceiv,purResaleFa,inventories,NCAWithin1Y,othCA,TCA,disburLA,availForSaleFa,htmInvest,LTReceive,LTEquityInvest,investRealEstate,fixedAssets,CIP,constMaterials,fixedAssetsDisp,producBiolAssets,oilAndGasAssets,intanAssets,RD,goodwill,LTAmorExp,deferTaxAssets,othNCA,TNCA,TAssets,STBorr,CBBorr,depos,loanFrOthBankFi,tradingFL,NotesPayable,AP,advanceReceipts,soldForRepurFa,commisPayable,payrollPayable,taxesPayable,intPayable,divPayable,othPayable,reinsurPayable,insurReser,fundsSecTradAgen,fundsSecUndwAgen,NCLWithin1Y,othCL,TCL,LTBorr,bondPayable,preferredStockL,perpetualBondL,LTPayable,specificPayables,estimatedLiab,deferTaxLiab,othNCL,TNCL,TLiab,paidInCapital,othEquityInstr,preferredStockE,perpetualBondE,capitalReser,treasuryShare,othCompreIncome,specialReser,surplusReser,ordinRiskReser,retainedEarnings,forexDiffer,TEquityAttrP,minorityInt,TShEquity,TLiabEquity
000848.XSHE,2018-04-14,2018-03-31,2018-03-31,395,000848,承德露露,XSHE,2018-04-13 16:05:42,1,Q1,3,CHAS_2007,CNY,1928222280.71,,,,,857107.64,21610627.16,,,,,,242404.92,,178297967.71,,112087.95,2129342476.09,,900000.0,,,5383810.89,,257634793.69,22318195.29,,,,,314527957.02,,2814000.0,755634.01,9224663.82,,613559054.72,2742901530.81,,,,,,,113380258.69,195573995.23,,,65691418.56,35682217.55,,,31500189.17,,,,,,,441828079.2,,,,,,,,49268479.25,,49268479.25,491096558.45,978562728,,,,17308439.11,,,,358344555.49,,862766662.83,,2216982385.43,34822586.93,2251804972.36,2742901530.81
000848.XSHE,2018-04-14,2017-12-31,2018-03-31,395,000848,承德露露,XSHE,2018-04-13 16:05:42,1,A,12,CHAS_2007,CNY,1905659309.87,,,,,264529.79,22170550.75,,,,,,302067.43,,258314175.97,,84910.06,2186795543.87,,900000.0,,,5383810.89,,259745973.19,22667158.26,,,,,317053097.28,,2814000.0,902888.88,15379598.42,,624846526.92,2811642070.79,,,,,,,197452887.51,391556519.59,,,66115309.85,43069799.13,,,32212690.58,,,,,,,730407206.66,,,,,,,,48026416.75,,48026416.75,778433623.41,978562728,,,,17308439.11,,,,358344555.49,,644151221.11,,1998366943.71,34841503.67,2033208447.38,2811642070.79
000848.XSHE,2017-10-21,2017-09-30,2017-09-30,395,000848,承德露露,XSHE,2017-10-20 15:51:58,1,Q3,9,CHAS_2007,CNY,1663852698.17,,,,,77043.88,25365264.09,,,,,,122853.97,,139760715.59,,3444208.89,1832622784.59,,900000.0,,,6220000.9,,254484656.58,22819013.94,166666.66,,,,319578237.54,,2814000.0,846928.82,1714329.3,,609543833.74,2442166618.33,,,,,,,190682552.08,149357589.32,,,38454342.1,63437279.63,,,16840675.25,,,,,,,458772438.38,,,,,,,,46784354.25,,46784354.25,505556792.63,978562728,,,,17308439.11,,,,303648092.34,,604323825.95,,1903843085.4,32766740.3,1936609825.7,2442166618.33
000848.XSHE,2017-07-29,2017-06-30,2017-06-30,395,000848,承德露露,XSHE,2017-07-28 16:46:18,1,S1,6,CHAS_2007,CNY,1374631801.7,,,,,1113399.88,40671679.58,,,,,,557936.8,,133924859.34,,,1550899677.3,,900000.0,,,6220000.9,,258680785.68,21725012.14,,,,,322101668.4,,2814000.0,975268.44,4146630.33,,617563365.89,2168463043.19,,,,,,,96481442.1,127641150.13,,,36404420.59,12326610.6,,,5534236.48,,,,,,,278387859.9,,,,,,,,45542291.75,,45542291.75,323930151.65,978562728,,,,17308439.11,,,,303648092.34,,512896523.04,,1812415782.49,32117109.05,1844532891.54,2168463043.19
000848.XSHE,2017-04-28,2017-03-31,2017-03-31,395,000848,承德露露,XSHE,2017-04-27 20:21:25,1,Q1,3,CHAS_2007,CNY,1738867501.19,,,,,1246767.92,53317492.01,,,,,,1206486.11,,141088804.26,,481356.15,1936208407.64,,900000.0,,,6420270.57,,263497842.63,21527471.44,,,,,324626575.56,,2814000.0,975284.53,3327939.08,,624089383.81,2560297791.45,,,,,,,172366675.65,52228866.18,,,42093424.47,31130503.76,,,11989974.98,,,,,,,309809445.04,,,,,,,,44300229.25,,44300229.25,354109674.29,978562728,,,,17308439.11,,,,303648092.34,,873644243.47,,2173163502.92,33024614.24,2206188117.16,2560297791.45
000848.XSHE,2018-03-17,2016-12-31,2017-12-31,395,000848,承德露露,XSHE,2018-03-16 20:35:55,1,A,12,CHAS_2007,CNY,2161877794.1,,,,10000000.0,5433440.48,44555433.32,,,,,,2561860.17,,233145453.51,,136675.17,2457710656.75,,900000.0,,,6420270.57,,268977553.58,19537124.43,,,,,327151482.72,,2814000.0,772837.03,12046590.81,,638619859.14,3096330515.89,,,,,,,281939358.78,640360725.02,,,55334789.64,58595243.84,,,10543888.34,,,,,,,1046774005.62,,,,,,,,43058166.75,,43058166.75,1089832172.37,978562728,,,,17308439.11,,,,303648092.34,,676674913.46,,1976194172.91,30304170.61,2006498343.52,3096330515.89
000848.XSHE,2016-10-25,2016-09-30,2016-09-30,395,000848,承德露露,XSHE,2016-10-24 15:46:00,1,Q3,9,CHAS_2007,CNY,1483613526.29,,,,,1787903.43,92892357.92,,,,,,2125407.73,,134411466.35,,,1714830661.72,,900000.0,,,12396458.44,,239864706.83,45596450.04,1751214.61,,,,329676389.88,,2814000.0,779154.67,1478819.45,,635257193.92,2350087855.64,,,,,,,172544934.84,111587328.96,,,44204152.11,55090059.25,,,6818072.58,,,,,,,390244547.74,,,,,,,,41816104.25,,41816104.25,432060651.99,978562728,,,,17308439.11,,,,260790932.25,,633168759.84,,1889830859.2,28196344.45,1918027203.65,2350087855.64
000848.XSHE,2016-08-25,2016-06-30,2016-06-30,395,000848,承德露露,XSHE,2016-08-24 15:45:10,1,S1,6,CHAS_2007,CNY,1295204963.55,,,,,471969.34,98893926.42,,,,,,754083.38,,125566563.17,,,1520891505.86,,900000.0,,,5396458.44,,246328042.55,44003063.97,1751214.61,,,,332201297.04,,2814000.0,892695.61,2421724.85,,636708497.07,2157600002.93,,,,,,,134781054.0,87644693.31,,,40462963.61,19826900.01,,,6452410.94,,,,,,,289168021.87,,,,,,,,40574041.75,,40574041.75,329742063.62,978562728,,,,17308439.11,,,,260790932.25,,542123464.65,,1798785564.01,29072375.3,1827857939.31,2157600002.93
000848.XSHE,2016-04-28,2016-03-31,2016-03-31,395,000848,承德露露,XSHE,2016-04-27 16:34:52,1,Q1,3,CHAS_2007,CNY,1481608493.5,,,,,14643486.83,107869786.93,,,,,,663109.94,,96659679.76,,,1701444556.96,,900000.0,,,3486226.13,,251468918.38,43929777.97,1751214.61,,,,334726277.82,,2814000.0,839111.94,1779161.53,,641694688.38,2343139245.34,,,,,,,205087106.85,56290842.66,,,48077188.34,40324994.07,,,5079371.24,,,,,,,354859503.16,,,,,,,,39331979.25,,39331979.25,394191482.41,752740560,,,,17308439.11,,,,260790932.25,,888736597.43,,1919576528.79,29371234.14,1948947762.93,2343139245.34
000848.XSHE,2017-04-28,2015-12-31,2016-12-31,395,000848,承德露露,XSHE,2017-04-27 20:21:25,1,A,12,CHAS_2007,CNY,1502165833.15,,,,4600000.0,1877981.31,173873465.49,,,,,,3061677.75,,165853446.24,,732549.15,1852164953.09,,900000.0,,,6116474.62,,255059376.45,31478756.01,1715197.51,,,,337251111.36,,2814000.0,619231.84,3307827.05,,639261974.84,2491426927.93,,,,,,,206945569.32,404701147.02,,,51922323.11,77657187.03,,,10788208.02,,,,,,,752014434.5,,,,,,,,38089916.75,,38089916.75,790104351.25,752740560,,,,17308439.11,,,,260790932.25,,645535298.08,,1676375229.44,24947347.24,1701322576.68,2491426927.93
000848.XSHE,2015-10-24,2015-09-30,2015-09-30,395,000848,承德露露,XSHE,2015-10-23 16:07:26,1,Q3,9,CHAS_2007,CNY,1109118463.06,,,,,146266.32,137305152.18,,,,,,3156640.42,,119955157.45,,2580672.35,1372262351.78,,900000.0,,,7213094.65,,260725199.9,18091577.58,834299.16,,,,339785240.94,,2814000.0,698185.03,2283786.91,,633345384.17,2005607735.95,,,,,,,133975294.98,118310749.09,,,48004615.89,83654725.56,,,3402330.12,,,,,,,387347715.64,,,,,,,,36847854.25,,36847854.25,424195569.89,752740560,,,,17308439.11,,,,216498261.87,,570984811.98,,1557532072.96,23880093.1,1581412166.06,2005607735.95
000848.XSHE,2015-08-22,2015-06-30,2015-06-30,395,000848,承德露露,XSHE,2015-08-21 16:46:36,1,S1,6,CHAS_2007,CNY,905621653.76,,,,7000000.0,471459.8,116599840.51,,,,,,3031597.18,,106065319.73,,,1138789870.98,,900000.0,,,7213094.65,,264137109.67,13827591.11,,,,,342414050.74,,2814000.0,777138.22,2329687.91,,634412672.3,1773202543.28,,,,,,,82574602.77,87176531.35,,,43939918.34,25240542.43,,,4002384.38,,,,,,,242933979.27,,,,,,,,35605791.75,,35605791.75,278539771.02,752740560,,,,17308439.11,,,,216498261.87,,483774083.37,,1470321344.35,24341427.91,1494662772.26,1773202543.28
000848.XSHE,2015-04-25,2015-03-31,2015-03-31,395,000848,承德露露,XSHE,2015-04-24 23:53:01,1,Q1,3,CHAS_2007,CNY,1099103828.07,,,,,1405510.12,121379447.48,,,,,,370037.11,,127993031.02,,11471435.58,1361723289.38,,900000.0,,,7490763.53,,252302450.32,13202324.31,,,,,345094150.54,,2814000.0,856118.41,1756067.6,,624415874.71,1986139164.09,,,,,,,236877468.59,41793846.37,,,42557369.26,52237037.84,,,4497322.14,,,,,,,377963044.2,,,,,,,,34363729.25,,34363729.25,412326773.45,501827040,,,,17308439.11,,,,216498261.87,,807508774.32,,1543142515.3,30669875.34,1573812390.64,1986139164.09
000848.XSHE,2016-03-11,2014-12-31,2015-12-31,395,000848,承德露露,XSHE,2016-03-10 19:04:42,1,A,12,CHAS_2007,CNY,865908860.76,,,,,836190.0,140571822.8,,,,,,3199037.1,,206784783.85,,,1217300694.51,,900000.0,,,7623340.33,,257120962.74,11094704.29,,,,,347774250.34,,2814000.0,886569.7,5271490.92,,633485318.32,1850786012.83,,,,,,,174119915.28,205522449.34,,,50255139.23,42317479.13,,,5818671.59,,,,,,,478033654.57,,,,,,,,33121666.75,,33121666.75,511155321.32,501827040,,,,17308439.11,,,,216498261.87,,577872205.82,,1313505946.8,26124744.71,1339630691.51,1850786012.83
000848.XSHE,2014-10-25,2014-09-30,2014-09-30,395,000848,承德露露,XSHE,2014-10-24 21:12:35,1,Q3,9,CHAS_2007,CNY,694239416.27,,,,,4237191.7,145930823.9,,,,,,3434525.69,,125648953.05,,898476.59,974389387.2,,,,,9016804.38,,263521879.83,9624538.72,,,,,350454350.14,,2814000.0,975404.26,1788041.65,,638195018.98,1612584406.18,,,,,,,171250688.75,88369877.52,,,45589311.97,36023648.29,,,1533758.49,,,,,,,342767285.02,,,,,,,,31879604.25,,31879604.25,374646889.27,501827040,,,,17308439.11,,,,180049610.7,,513938886.15,,1213123975.96,24813540.95,1237937516.91,1612584406.18
000848.XSHE,2014-08-15,2014-06-30,2014-06-30,395,000848,承德露露,XSHE,2014-08-14 17:31:57,1,S1,6,CHAS_2007,CNY,586713215.32,,,,,1509638.73,97724942.74,,,,,,3912394.36,,132593739.28,,296026.23,822749956.66,,,,,9182475.47,,269276811.53,9653843.51,,,,,353147982.6,,2814000.0,369782.1,3637034.17,,648081929.38,1470831886.04,,,,,,,170180578.56,45766089.61,,,44698498.58,18610139.43,,,2313119.94,,,,,,,281568426.12,,,,,,,,30637541.75,,30637541.75,312205967.87,501827040,,,,17308439.11,,,,180049610.7,,434639269.58,,1133824359.39,24801558.78,1158625918.17,1470831886.04
000848.XSHE,2014-04-26,2014-03-31,2014-03-31,395,000848,承德露露,XSHE,2014-04-26 03:59:48,1,Q1,3,CHAS_2007,CNY,833092415.89,,,,5260000.0,2668954.78,109926711.04,,,,,,3468076.29,,137230345.2,,,1091646503.2,,,,,9394135.5,,274516203.98,8926923.51,,,,,355780489.81,,2814000.0,402309.36,2322395.97,,654156458.13,1745802961.33,,,,,,,287807802.85,55740398.12,,,43078428.69,42409874.89,,,3645115.79,,,,,,,432681620.34,,,,,,,,29395479.25,,29395479.25,462077099.59,401461632,,,,17308439.11,,,,180049610.7,,651344500.82,,1250164182.63,33561679.11,1283725861.74,1745802961.33
000848.XSHE,2015-03-20,2013-12-31,2014-12-31,395,000848,承德露露,XSHE,2015-03-19 20:40:08,1,A,12,CHAS_2007,CNY,715202507.19,,,,5950080.3,943252.54,110195399.98,,,,,,617114.45,,354481875.36,,11800379.2,1199190609.02,,900000.0,,,8614357.65,,280125657.1,8844376.34,,,,,358459264.84,,2814000.0,418728.36,15996908.91,,676173293.2,1875363902.22,,,,,,,184849478.55,525897745.82,,,44281522.7,47518933.04,,,5918426.55,,,,,,,808466106.66,,,,,,,,28153416.75,,28153416.75,836619523.41,401461632,,,,17308439.11,,,,180049610.7,,412007892.8,,1010827574.61,27916804.2,1038744378.81,1875363902.22
000848.XSHE,2013-10-26,2013-09-30,2013-09-30,395,000848,承德露露,XSHE,2013-10-25 18:00:00,1,Q3,9,CHAS_2007,CNY,463369385.36,,,,11250080.3,3485313.55,136479716.52,,,,,,4375254.46,,145637835.83,,,764597586.02,,,,,9562421.99,,271406146.81,7641928.32,,,,,359466605.8,,2814000.0,495486.78,1491873.36,,652878463.06,1417476049.08,,,,,,,237623807.53,86474591.64,,,39949699.22,45929090.77,,,3456858.25,,,,,,,413434047.41,,,,,,4019707.0,,26911354.25,,30931061.25,444365108.66,401461632,,,,17308439.11,,,,159831300.74,,369334341.64,,947935713.49,25175226.93,973110940.42,1417476049.08
000848.XSHE,2013-08-22,2013-06-30,2013-06-30,395,000848,承德露露,XSHE,2013-08-21 18:00:00,1,S1,6,CHAS_2007,CNY,459429865.17,,,,5000000.0,1083409.05,84692237.59,,,,,,4109954.46,,132398668.13,,,686714134.4,,,,,9689093.53,,277357798.02,7641928.32,,,,,362137894.63,,2814000.0,572245.2,3603866.05,,663816825.75,1350530960.15,,,,,,,157260347.38,76458093.69,,,35620340.63,14851189.04,,,3517767.7,,,,,,,287707738.44,,,,,,4019707.0,,25669291.75,,29688998.75,317396737.19,401461632,,,,17308439.11,,,,159831300.74,,425779008.72,,1004380380.57,28753842.39,1033134222.96,1350530960.15
000848.XSHE,2013-04-20,2013-03-31,2013-03-31,395,000848,承德露露,XSHE,2013-04-19 18:00:00,1,Q1,3,CHAS_2007,CNY,670261598.95,,,,4000000.0,981196.21,91074379.87,,,,,,3618173.96,,144123656.67,,,914059005.66,,,,,9134731.49,,283602112.57,7641928.32,,,,,364809183.46,,2814000.0,649003.62,5309307.2,,673960266.66,1588019272.32,,,,,,,401468433.7,52685206.42,,,46183952.55,41416799.63,,,6509592.54,,,,,,,548263984.84,,,,,,4019707.0,,24427229.25,,28446936.25,576710921.09,401461632,,,,17308439.11,,,,159831300.74,,404063807.49,,982665179.34,28643171.89,1011308351.23,1588019272.32
000848.XSHE,2014-03-12,2012-12-31,2013-12-31,395,000848,承德露露,XSHE,2014-03-11 17:45:34,1,A,12,CHAS_2007,CNY,551025632.1,,,,,1219719.99,39583453.03,,,,,,793055.25,,271944804.6,,,864566664.97,,,,,10009987.49,,286725056.6,7461779.0,,,,,367487138.29,,2814000.0,497222.19,7791386.15,,682786569.72,1547353234.69,,,,,,,213969603.68,389607480.61,,,41100469.91,46130353.02,,,7873860.08,,,,,,,698681767.3,,,,,,4019707.0,,23185166.75,,27204873.75,725886641.05,401461632,,,,17308439.11,,,,159831300.74,,218724610.63,,797325982.48,24140611.16,821466593.64,1547353234.69
000848.XSHE,2012-10-26,2012-09-30,2012-09-30,395,000848,承德露露,XSHE,2012-10-25 18:00:00,1,Q3,9,CHAS_2007,CNY,274594445.5,,,,,2627247.91,183921983.84,,,,,,3040526.46,,173765932.16,,,637950135.87,,,,,11867158.78,,164873139.5,53195603.56,315650.14,,,,370295447.25,,2814000.0,584527.67,5924760.41,,609870287.31,1247820423.18,,,,,,,238108806.09,155513563.81,,,28895006.22,37128944.86,,,2434186.58,,,,,,,462080507.56,,,,,,,,21943104.25,,21943104.25,484023611.81,401461632,,,,17308439.11,,,,139600230.54,,182655914.52,,741026216.17,22770595.2,763796811.37,1247820423.18
000848.XSHE,2012-08-29,2012-06-30,2012-06-30,395,000848,承德露露,XSHE,2012-08-28 18:00:00,1,S1,6,CHAS_2007,CNY,353553601.02,,,,2000000.0,2339797.56,154708908.82,,,,0.0,0.0,907274.41,,108477759.69,0.0,,621987341.5,,0.0,0.0,,12372699.98,,168206997.13,29696453.7,2464683.38,,,,321503232.17,,2814000.0,632680.41,3097168.89,,540787915.66,1162775257.16,0.0,,,,,,144623603.49,48005883.59,,,30170587.58,13107500.57,0.0,182482560.0,1011218.93,,,,,,0.0,419401354.16,0.0,,,,,0.0,,20701041.75,,20701041.75,440102395.91,364965120,,,,53804951.11,,,,139600230.54,,143060557.27,,701430858.92,21242002.33,722672861.25,1162775257.16
000848.XSHE,2012-04-26,2012-03-31,2012-03-31,395,000848,承德露露,XSHE,2012-04-25 18:00:00,1,Q1,3,CHAS_2007,CNY,544891274.67,,,,3000000.0,784059.93,118164332.35,,,,,,2909885.41,,112897360.46,,,782646912.82,,,,,12783773.78,,172434341.35,27444536.0,,,,,323936728.61,,2814000.0,384000.0,4002854.91,,543800234.65,1326447147.47,,,,,,,249803095.82,39083414.8,,,41513032.59,92269125.86,,,1089711.9,,,,,,,423758380.97,,,,,,,,18216916.75,,18216916.75,441975297.72,364965120,,,,53804951.11,,,,139600230.54,,304523483.02,,862893784.67,21578065.08,884471849.75,1326447147.47
000848.XSHE,2013-04-20,2011-12-31,2012-12-31,395,000848,承德露露,XSHE,2013-04-19 18:00:00,1,A,12,CHAS_2007,CNY,561908590.14,,,,,209479.62,74752668.35,,,,,,2558695.25,,307360492.24,,,946789925.6,,,,,12783773.78,,178237205.61,24164616.0,,,,,326370225.05,,2814000.0,440367.78,5946514.1,,550756702.32,1497546627.92,,,,,,,168540517.38,464444811.39,,,39922210.88,28378689.5,,,1746672.54,,,,,,,703032901.69,,,,,,,,18216916.75,,18216916.75,721249818.44,364965120,,,,53804951.11,,,,139600230.54,,199009900.57,,757380202.22,18916607.26,776296809.48,1497546627.92
000848.XSHE,2011-10-27,2011-09-30,2011-09-30,395,000848,承德露露,XSHE,2011-10-26 18:00:00,1,Q3,9,CHAS_2007,CNY,299135384.27,,,,,1569690.96,107975991.01,,,,,,3632639.56,,162595199.7,,,574908905.5,,,,,14965777.86,,182354208.15,9012213.0,,,,,328921608.17,,2814000.0,536735.53,4236578.27,,542841120.98,1117750026.48,,,,,,,197918163.8,116355559.08,,,33942851.4,20062149.22,,,5803734.97,,,,,,,374082458.47,,,,,,,,16974854.0,,16974854.0,391057312.47,364965120,,,,53804951.11,,,,121104124.48,,169996295.6,,709870491.19,16822222.82,726692714.01,1117750026.48
000848.XSHE,2011-08-20,2011-06-30,2011-06-30,395,000848,承德露露,XSHE,2011-08-19 18:00:00,1,S1,6,CHAS_2007,CNY,253068973.0,,,,308520.0,729886.0,52711314.96,,,,,,2851753.27,,113337181.7,,,423007628.93,,,,,15140973.86,,185444496.58,3657163.0,,,,,331355707.1,,2814000.0,633103.28,2595586.5,,541641030.32,964648659.25,,,,,,,146000757.5,42896883.22,,,40237839.71,18042031.28,,,10518599.32,,,,,,,257696111.03,,,,,,,,15732791.75,,15732791.75,273428902.78,364965120,,,,53804951.11,,,,130899678.63,,124386390.28,,674056140.02,17163616.45,691219756.47,964648659.25
000848.XSHE,2011-04-22,2011-03-31,2011-03-31,395,000848,承德露露,XSHE,2011-04-21 18:00:00,1,Q1,3,CHAS_2007,CNY,548121439.3,,,,2062720.0,231303.56,62105329.67,,,,,,2909124.77,,126721836.29,,,742151753.59,,,,,16147212.4,,190014719.07,2189113.0,,,,,333789806.03,,2814000.0,724049.74,1358063.77,,547036964.01,1289188717.6,,,,,,,213818688.91,97595432.17,,,40360767.82,52686842.51,,,4770524.8,,,,,,,409232256.21,,,,,,,,14490729.25,,14490729.25,423722985.46,304137600,,,,53804951.11,,,,121104124.48,,369896315.35,,848942990.94,16522741.2,865465732.14,1289188717.6
000848.XSHE,2012-04-26,2010-12-31,2011-12-31,395,000848,承德露露,XSHE,2012-04-25 18:00:00,1,A,12,CHAS_2007,CNY,472097590.87,,,,9200000.0,217187.2,57185128.25,,,,,,2734300.0,,269241280.77,,,810675487.09,,,,,16252152.4,,195540800.21,1405390.0,,,,,336104210.81,,2814000.0,825838.79,6324970.58,,559267362.79,1369942849.88,,,,,,,121176562.65,422550347.04,,,37612037.37,5394065.28,,,5718703.04,,,,,,,592451715.38,,,,,,,,13248666.75,,13248666.75,605700382.13,304137600,,,,53804951.11,,,,121104124.48,,267402609.86,,746449285.45,17793182.3,764242467.75,1369942849.88
000848.XSHE,2010-10-30,2010-09-30,2010-09-30,395,000848,承德露露,XSHE,2010-10-29 18:00:00,1,Q3,9,CHAS_2007,CNY,478570914.52,,,,2700000.0,1685762.26,70880891.08,,,,,,142751049.28,,107406769.93,,,803995387.07,,,,,19607443.4,,199323210.61,395000.0,,,,,299464158.55,,2814000.0,638000.0,2105211.86,,524347024.42,1328342411.49,,,,,,,269259793.05,212595830.25,,,36691946.61,53571023.26,,,6909860.18,,,,,,,579028453.35,,,,,,,,12006604.25,,12006604.25,591035057.6,304137600,,,,53804951.11,,,,102457664.47,,257500255.63,,717900471.21,19406882.68,737307353.89,1328342411.49
000848.XSHE,2010-08-25,2010-06-30,2010-06-30,395,000848,承德露露,XSHE,2010-08-24 18:00:00,1,S1,6,CHAS_2007,CNY,291515013.66,,,,,517650.4,51138957.72,,,,,,2891617.06,,119470224.41,,,465533463.25,,,,,19680531.4,,204574103.63,,,,,,301701961.09,,2814000.0,687000.0,3697302.61,,533154898.73,998688361.98,,,,,,,119811712.62,39424181.84,,,45218619.43,-11373362.99,,,5527728.44,,,,,,,198608879.34,,,,,,,,10764541.75,,10764541.75,209373421.09,190086000,,,,53804951.11,,,,102457664.47,,420894834.08,,767243449.66,22071491.23,789314940.89,998688361.98
000848.XSHE,2010-04-24,2010-03-31,2010-03-31,395,000848,承德露露,XSHE,2010-04-23 18:00:00,1,Q1,3,CHAS_2007,CNY,422374761.8,,,,,534082.73,48560986.54,,,,,,2793847.49,,147907071.7,,,622170750.26,,,,,19819034.37,,211125421.32,,,,,,303939763.63,,2814000.0,736000.0,2737954.46,,541172173.78,1163342924.04,,,,,,,283066560.61,38498683.03,,,43950300.09,4678545.84,,,4994518.98,,,,,,,375188608.55,,,,,,,,9522479.25,,9522479.25,384711087.8,190086000,,,,53804951.11,,,,102457664.47,,409710939.87,,756059555.45,22572280.79,778631836.24,1163342924.04
000848.XSHE,2011-03-31,2009-12-31,2010-12-31,395,000848,承德露露,XSHE,2011-03-30 18:00:00,1,A,12,CHAS_2007,CNY,278445354.67,,,,,165898.45,61152678.01,,,,,,6209519.93,,219571237.15,,,565544688.21,,,,,20057556.4,,217413692.91,,,,,,306177566.17,,2814000.0,785000.0,4421839.24,,551669654.72,1117214342.93,,,,,,,175199078.61,220948188.59,,,29046112.98,13944508.68,,,5467629.44,,,,,,,444605518.3,,,,,,,,8280416.75,,8280416.75,452885935.05,190086000,,,,53804951.11,,,,102457664.47,,297673071.18,,644021686.76,20306721.12,664328407.88,1117214342.93
000848.XSHE,2009-10-24,2009-09-30,2009-09-30,395,000848,承德露露,XSHE,2009-10-23 18:00:00,1,Q3,9,CHAS_2007,CNY,225136239.5,,,,560544.0,1872106.5,71480460.7,,,,,,2993585.76,,67580289.86,,,369623226.32,,,,,25506853.5,,200500162.72,23095860.16,,,,,308415368.71,,2814000.0,834000.0,1513984.85,,562680229.94,932303456.26,,,,,,,229128950.61,36643720.42,,,27322143.48,29151189.2,,,8128216.2,,,,,,12500.0,330386719.91,,,,,,,,,,,330386719.91,190086000,,,,53804951.11,,,,102457664.47,,237288074.86,,583636690.44,18280045.91,601916736.35,932303456.26
000848.XSHE,2009-08-20,2009-06-30,2009-06-30,395,000848,承德露露,XSHE,2009-08-19 18:00:00,1,S1,6,CHAS_2007,CNY,96377233.34,,,,,759115.83,57117336.24,,,,,,2174787.88,,59280192.82,,,215708666.11,,,,,25706815.92,,206876191.57,15455109.62,,,,,310653171.25,,2814000.0,883000.0,1262311.67,,563650600.03,779359266.14,,,,,,,154634486.19,11511366.12,,,25304045.08,2157660.64,,3625000.0,6547273.08,,,,,,15000.0,203794831.11,,,,,,,,,,,203794831.11,190086000,,,,53804951.11,,,,102457664.47,,211577863.61,,557926479.19,17637955.84,575564435.03,779359266.14
000848.XSHE,2009-04-18,2009-03-31,2009-03-31,395,000848,承德露露,XSHE,2009-04-17 18:00:00,1,Q1,3,CHAS_2007,CNY,168834566.11,,,,,313350.36,63161002.58,,,,,,2063261.13,,55870106.08,,,290242286.26,,,,,26460853.5,,212350573.52,5941594.35,,,,,312212165.04,,2814000.0,932000.0,3444951.22,,564156137.63,854398423.89,,,,,,,137824019.82,12068111.62,,,26885882.11,-2007688.03,,,36816801.95,,,,,,20000.0,211607127.47,,,,,,,,,,,211607127.47,190086000,,,,53804951.11,,,,102457664.47,,274741627.29,,621090242.87,21701053.55,642791296.42,854398423.89
000848.XSHE,2010-04-24,2008-12-31,2009-12-31,395,000848,承德露露,XSHE,2010-04-23 18:00:00,1,A,12,CHAS_2007,CNY,143923504.06,,,,950000.0,1365652.55,67262202.51,,,,,,2733304.11,,223414286.76,,,439648949.99,,,,,26460853.5,,219184354.55,1605263.6,,,,,316486393.83,,2814000.0,981000.0,6925674.85,,574457540.33,1014106490.32,50000000.0,,,,,,178338087.29,155262896.34,,,27990799.85,-6871860.36,,,6825641.8,,,,,,20000.0,411565564.92,,,,,,,,,,,411565564.92,190086000,,,,53804951.11,,,,102457664.47,,235015442.25,,581364057.83,21176867.57,602540925.4,1014106490.32
000848.XSHE,2008-10-24,2008-09-30,2008-09-30,395,000848,承德露露,XSHE,2008-10-23 18:00:00,1,Q3,9,CHAS_2007,CNY,112586023.38,,,,,890972.18,89219194.58,,,,,,1677329.57,,81194126.63,,,285567646.34,,,,,36209751.77,,225844121.39,2864360.82,,,,,320760619.62,,2814000.0,1030000.0,4381893.17,,593904746.77,879472393.11,85000000.0,,,,,,45813597.38,28532657.7,,,22846229.5,21280312.74,,3679795.12,94252556.54,,,,,,30000.0,301435148.98,,,,,,,,,,,301435148.98,190086000,,,,53804951.11,,,,102457664.47,,210607112.02,,556955727.6,21081516.53,578037244.13,879472393.11
000848.XSHE,2008-08-08,2008-06-30,2008-06-30,395,000848,承德露露,XSHE,2008-08-07 18:00:00,1,S1,6,CHAS_2007,CNY,106513453.06,,,,9768010.0,563116.41,101616204.8,,,,,,3385991.19,,52718239.8,,,274565015.26,,,,,36209751.77,,230900750.24,2707360.82,,,,,325034848.41,,2814000.0,1079000.0,4644356.69,,603390067.93,877955083.19,135000000.0,,,,,,59676070.76,2868578.81,,,25421065.35,5089546.05,,,83085663.29,,,,,,30000.0,311170924.26,,,,,,,,,,,311170924.26,190086000,,,,53804951.11,,,,102457664.47,,185447676.74,,531796292.32,34987866.61,566784158.93,877955083.19
000848.XSHE,2008-04-18,2008-03-31,2008-03-31,395,000848,承德露露,XSHE,2008-04-17 18:00:00,1,Q1,3,CHAS_2007,CNY,212836750.12,,,,21265850.4,4334683.88,421707134.11,,,,,,3050786.78,,52140342.71,,,715335548.0,,,,,36209751.77,,238212914.99,7807360.82,,,,,29220301.2,,2814000.0,1128000.0,1812488.43,,317204817.21,1032540365.21,150000000.0,,,,,,83336012.57,14720793.11,,,28661149.36,15148902.55,,948697.66,103840278.48,,,,,,30000.0,396685833.73,,,,,,,,,,,396685833.73,190086000,,,,53804951.11,,,,102457664.47,,249880588.31,,596229203.89,39625327.59,635854531.48,1032540365.21
000848.XSHE,2009-03-24,2007-12-31,2008-12-31,395,000848,承德露露,XSHE,2009-03-23 18:00:00,1,A,12,CHAS_2007,CNY,189145389.05,,,,7754400.0,598892.08,379769449.85,,,,,,4415802.09,,159784051.19,,,741467984.26,,,,,36209751.77,,243084333.11,2707360.82,,,,,31539052.99,,2814000.0,1177000.0,4574761.95,,322106260.64,1063574244.9,150000000.0,,,,,,143169932.53,131880624.37,,,19791129.27,12614777.97,,948697.66,21480880.49,,,,,,30000.0,479916042.29,,,,,,,,,,,479916042.29,190086000,,,,53804951.11,,,,102457664.47,,201208598.55,,547557214.13,36100988.48,583658202.61,1063574244.9
000848.XSHE,2007-10-31,2007-09-30,2007-09-30,395,000848,承德露露,XSHE,2007-10-30 18:00:00,1,Q3,9,CHAS_2007,CNY,110678122.41,,,,460000.0,12071582.95,417832151.82,,,,,,2256024.62,,55196759.12,,,598494640.92,,,,,27922917.98,,285859327.86,2753810.82,,,,,33902085.4,,2814000.0,1226000.0,3836009.56,,358314151.62,956808792.54,185000000.0,,,,,,56137070.1,57175522.52,,,29338044.95,-3980282.86,7520642.18,,76779645.12,,,,,,,407970642.01,,,,,,,,,,,407970642.01,190086000,,,,61648918.66,,,,105945140.82,,158763954.1,,516444013.58,32394136.95,548838150.53,956808792.54
000848.XSHE,2007-08-17,2007-06-30,2007-06-30,395,000848,承德露露,XSHE,2007-08-16 18:00:00,1,S1,6,CHAS_2007,CNY,89651819.67,,,,2000000.0,9811439.29,433131114.69,,,,,,10480456.46,,43690676.24,,,588765506.35,,,,,35459356.69,,292182501.05,2740710.82,,25266.95,,,36206075.65,,,1275000.0,9899890.95,,377788802.11,966554308.46,245000000.0,,,,,,42904815.15,61797706.57,,,32616485.29,-9354148.9,,2130642.18,55176543.34,,,,,,,430272043.63,,,,,,,,,,,430272043.63,190086000,,,,61648918.66,,,,105945140.82,,141184442.41,,498864501.89,37417762.94,536282264.83,966554308.46
000848.XSHE,2007-04-21,2007-03-31,2007-03-31,395,000848,承德露露,XSHE,2007-04-20 18:00:00,1,Q1,3,CHAS_2007,CNY,216853875.05,,,,3064440.0,16206440.99,280297708.46,,,,,,6258874.26,,51603467.51,,,574284806.27,,,,,49936360.35,,299334293.86,2736310.82,,,,,38686452.0,,,1324000.0,9899890.95,,401917307.98,976202114.25,250000000.0,,,,,,101031136.51,14733924.74,,,29111506.14,11733512.12,1248697.66,,20563856.61,,,,,,,428422633.78,,,,,,,,,,,428422633.78,190086000,,,,61648918.66,,,,105945140.82,,152137768.35,,509817827.83,37961652.64,547779480.47,976202114.25
